Date,AAPL,MSFT,NVDA,TSLA,^GSPC
2022-01-03,104487900,28865100,391547000,103931400,3831020000
2022-01-04,99310400,32674300,527154000,100248300,4683170000
2022-01-05,94537600,40054300,498064000,80119800,4887960000
2022-01-06,96904000,39646100,454186000,90336600,4295280000
2022-01-07,86709100,32720000,409939000,84164700,4181510000
2022-01-10,106765600,44289500,594681000,91815000,4511810000
2022-01-11,76138300,29386800,404089000,66063300,4101590000
2022-01-12,74805200,34372200,383413000,83739000,4048220000
2022-01-13,84505800,45366000,540171000,97209900,4251730000
2022-01-14,80440800,39846400,395832000,72924300,4338490000
2022-01-18,90956700,42333200,424270000,66743400,4748700000
2022-01-19,94815000,45933900,488315000,75442500,4465740000
2022-01-20,91420500,35380700,435181000,70488600,4640870000
2022-01-21,122848900,57984400,718958000,103416000,5589100000
2022-01-24,162294600,85731500,913982000,151565700,6928110000
2022-01-25,115798400,72848600,664616000,86595900,5145050000
2022-01-26,108275300,90428900,755959000,104867400,5570640000
2022-01-27,121954600,53481300,573353000,147109500,5214200000
2022-01-28,179935700,49743700,543774000,134789100,5031090000
2022-01-31,115541600,46444500,564680000,104436000,5098610000
2022-02-01,86213900,40950400,518925000,73138200,4816830000
2022-02-02,84914300,36636000,543419000,66792900,4481580000
2022-02-03,89418100,43730000,410178000,78855600,4401970000
2022-02-04,82465400,35096500,354829000,73625400,4706290000
2022-02-07,77251200,28533300,376868000,60994500,4228480000
2022-02-08,74829200,32421200,410359000,50729100,4459620000
2022-02-09,71285000,31284700,524282000,52259400,4524350000
2022-02-10,90865900,45386200,513200000,66126900,5314860000
2022-02-11,98670700,39175600,605472000,79645800,5251500000
2022-02-14,86185500,36359500,440424000,67756500,4600390000
2022-02-15,62527400,27058300,699869000,57286200,4430830000
2022-02-16,61177400,29982100,732676000,51294300,4283640000
2022-02-17,69589300,32461600,810595000,55178400,4539420000
2022-02-18,82772700,34264000,761255000,68501700,4708060000
2022-02-22,91162800,41736100,633422000,83288100,5121900000
2022-02-23,90009200,37811200,566511000,95256900,4797430000
2022-02-24,141147500,56989700,735801000,135322200,6752130000
2022-02-25,91974200,32546700,528866000,76067700,5177060000
2022-02-28,95056600,34627500,477319000,99006900,6071370000
2022-03-01,83474400,31217800,412056000,74766900,5846230000
2022-03-02,79724800,31873000,389642000,74643300,5337870000
2022-03-03,76678400,27314500,365095000,61623600,5039890000
2022-03-04,83737200,32356500,431415000,66999600,5797380000
2022-03-07,96418800,43157200,450821000,72494100,6940470000
2022-03-08,131148300,48159500,557467000,80399100,7243120000
2022-03-09,91454900,35204500,492742000,59184000,5662670000
2022-03-10,105342000,30628000,428066000,58648500,4980830000
2022-03-11,96970100,27209300,367209000,67037100,4938640000
2022-03-14,108732100,30660700,385354000,71152200,5574920000
2022-03-15,92964300,34245100,491996000,66841200,5392470000
2022-03-16,102300200,37826300,671422000,84028800,6309750000
2022-03-17,75615400,30816600,471941000,66582900,4985090000
2022-03-18,123511700,43390600,730719000,100414200,8278430000
2022-03-21,95811400,28351200,591727000,81981600,4869820000
2022-03-22,81532000,27599700,547007000,105868500,4754840000
2022-03-23,98062700,25715400,502120000,120676200,4550670000
2022-03-24,90131400,24484500,877379000,68920800,4131390000
2022-03-25,80546200,22566500,579016000,62031600,4305020000
2022-03-28,90371900,29578200,425494000,102506100,4312260000
2022-03-29,100589400,30393400,488984000,73614900,5085910000
2022-03-30,92633200,28163600,463487000,59865000,4385570000
2022-03-31,103049300,33422100,523440000,48992700,4823020000
2022-04-01,78751300,27110500,517235000,54263100,4562940000
2022-04-04,76468400,24289600,397120000,82035900,4547350000
2022-04-05,73401800,23156700,436615000,80075100,4800620000
2022-04-06,89058800,40110400,703833000,89348400,4986830000
2022-04-07,77594700,31411200,557992000,79447200,4821490000
2022-04-08,76575500,24361900,524781000,55013700,4083200000
2022-04-11,72246700,34569300,575207000,59357100,4266290000
2022-04-12,79265200,30966700,662258000,65976000,4152090000
2022-04-13,70618900,21907200,516943000,55121100,3828150000
2022-04-14,75329400,28221600,569097000,58422300,4083090000
2022-04-18,69023900,20778000,525701000,51715200,3910490000
2022-04-19,67723800,22297700,512781000,49847700,4108120000
2022-04-20,67929800,22906700,468974000,70711200,4290450000
2022-04-21,87227800,29454600,656209000,105416400,4636890000
2022-04-22,84882400,29405800,624713000,69696600,4651940000
2022-04-25,96046400,35678900,641566000,68341200,5240040000
2022-04-26,95623200,46518400,653143000,136133700,4689970000
2022-04-27,88063200,63477700,499460000,76956300,4769680000
2022-04-28,130216800,33646600,570327000,124948500,4854180000
2022-04-29,131747600,37073900,500435000,88133100,5084030000
2022-05-02,123055300,35151100,572049000,75781500,5163790000
2022-05-03,88966500,25978600,475751000,63709500,4582050000
2022-05-04,108256500,33599300,648855000,81643800,5136360000
2022-05-05,130525300,43260400,626331000,92519100,5077030000
2022-05-06,116124600,37780300,633297000,72903000,5116940000
2022-05-09,131577900,47726000,644455000,90810300,5954520000
2022-05-10,115366700,39336400,761474000,84401700,5885820000
2022-05-11,142689800,48975900,670167000,97224600,5816140000
2022-05-12,182602000,51033800,708728000,140313000,6286450000
2022-05-13,113990900,34925100,670437000,92150700,5183340000
2022-05-16,86643800,32550900,521446000,86098500,4415030000
2022-05-17,78336300,28828800,585830000,80236200,4841410000
2022-05-18,109742900,31356000,545161000,87811800,5103220000
2022-05-19,136095600,32692300,621310000,90296700,5113550000
2022-05-20,137426100,39199300,739105000,144973200,5130730000
2022-05-23,117726300,33175400,639889000,88903500,4420030000
2022-05-24,104132700,29043900,588550000,89092500,4923190000
2022-05-25,92482700,28547900,781132000,92139300,4802560000
2022-05-26,90601500,25002100,996575000,106003200,4709970000
2022-05-27,90978500,26910800,738379000,89295000,4375620000
2022-05-31,103718400,37827700,664100000,101914500,6822640000
2022-06-01,74286600,25292200,544514000,77247900,4531800000
2022-06-02,72348100,44008200,648656000,93473100,4405790000
2022-06-03,88570300,28059000,598779000,112393800,3711110000
2022-06-06,71598400,22400300,422406000,84204600,4332700000
2022-06-07,67808200,22860700,388914000,72808500,4248210000
2022-06-08,53950200,17372300,363252000,76210500,4159470000
2022-06-09,69473000,26439700,395574000,96491400,4134170000
2022-06-10,91437900,31422800,465248000,97536600,4889640000
2022-06-13,122207100,46135800,604153000,102767400,5636890000
2022-06-14,84784300,28651500,469680000,97988700,5153890000
2022-06-15,91533000,33111700,563936000,119131800,5530480000
2022-06-16,108123900,33169200,545749000,107390700,5644930000
2022-06-17,134520300,43084800,630334000,92641800,8520740000
2022-06-21,81000500,29928300,483089000,122793000,5292260000
2022-06-22,73409200,25939900,437135000,101107500,5058990000
2022-06-23,72433800,25861400,463680000,104202600,5098640000
2022-06-24,89116800,33923200,472153000,95770800,8120260000
2022-06-27,70207900,24615100,427968000,89178300,4325310000
2022-06-28,67083400,27295500,461149000,90391200,4270120000
2022-06-29,66242400,20069800,482352000,82897200,4211240000
2022-06-30,98964500,31730900,686070000,94600500,4840070000
2022-07-01,71051600,22837700,577610000,74460300,4046950000
2022-07-05,73353800,22941000,651397000,84581100,5076590000
2022-07-06,74064300,23824400,529066000,71853600,4417720000
2022-07-07,66253700,20859900,492903000,81930600,4057770000
2022-07-08,64547800,19658800,467972000,101854200,3521620000
2022-07-11,63141600,19455200,437321000,99241200,3423480000
2022-07-12,77588800,35868500,458483000,87930900,3817210000
2022-07-13,71185600,29497400,521918000,97954500,4109390000
2022-07-14,78140700,25102800,456235000,78557400,4199690000
2022-07-15,76259900,29774100,385935000,69683100,4143800000
2022-07-18,81420900,20975000,670517000,82537500,4046870000
2022-07-19,82982400,25012600,702366000,80890200,4041070000
2022-07-20,64823400,22788300,760538000,88864200,4185300000
2022-07-21,65086600,22404700,557049000,142032300,4132790000
2022-07-22,66675400,21881300,536671000,103472700,3979240000
2022-07-25,53623900,21056000,480748000,64073400,3568340000
2022-07-26,55138700,39348000,397865000,66820800,3778950000
2022-07-27,78620700,45994000,569776000,88110000,4112180000
2022-07-28,81378700,33459300,474646000,84723000,4413000000
2022-07-29,101786900,32152800,435460000,95313000,4616360000
2022-08-01,67829400,21539600,476469000,117042900,4202810000
2022-08-02,59907000,22754200,489527000,95577600,4727710000
2022-08-03,82507500,23518900,418146000,80091000,4351760000
2022-08-04,55474100,18098700,409652000,72256200,4283320000
2022-08-05,56697000,16774600,386068000,113172900,4085940000
2022-08-08,60276900,18739200,981859000,98994000,4221090000
2022-08-09,63135500,23405200,668263000,86244600,3913090000
2022-08-10,70170500,24687800,597422000,94918800,4546010000
2022-08-11,57149200,20065900,509327000,70155000,4630200000
2022-08-12,68039400,22619700,478094000,79657200,3788010000
2022-08-15,54091700,18085700,457666000,89359200,3696830000
2022-08-16,56377100,18102900,451240000,88136400,4329820000
2022-08-17,79542000,18253400,446799000,68766000,3885030000
2022-08-18,62290100,17186200,415447000,47500500,3340330000
2022-08-19,70346300,20570000,441588000,61395300,3761340000
2022-08-22,69026800,25061100,409593000,55843200,3907430000
2022-08-23,54147100,17527400,369986000,63984900,3823520000
2022-08-24,53841500,18137000,522661000,57259800,3583630000
2022-08-25,51218200,16583400,770691000,53230000,3566870000
2022-08-26,78961000,27549300,769127000,57163900,3832750000
2022-08-29,73314000,20338500,496132000,41864700,3396510000
2022-08-30,77906200,22767100,530181000,50541800,3835860000
2022-08-31,87991100,24791800,573710000,52107300,4542490000
2022-09-01,74229900,23263400,1178865000,54287000,4152250000
2022-09-02,76957800,22855400,743157000,50890100,3665850000
2022-09-06,73714800,21328200,535751000,55860000,4127340000
2022-09-07,87449600,24126700,512657000,50028900,3890320000
2022-09-08,84923800,20319900,624873000,53713100,3966850000
2022-09-09,68028800,22084700,486612000,54338100,3901940000
2022-09-12,104956000,18747700,484159000,48674600,3814200000
2022-09-13,122656600,33353300,714956000,68229600,4224550000
2022-09-14,87965400,23913000,588507000,72628700,4293240000
2022-09-15,90481100,31530900,523625000,64795500,4441830000
2022-09-16,162278800,39791800,670751000,87087800,7954650000
2022-09-19,81474200,26826900,569685000,60231200,3766850000
2022-09-20,107689800,26660300,524818000,61642800,4058050000
2022-09-21,101696800,28625600,807679000,62555700,4078330000
2022-09-22,86652500,31061200,759162000,70545400,4284600000
2022-09-23,96029900,34176000,663309000,63748400,5144270000
2022-09-26,93339400,27694200,547343000,58076900,4886140000
2022-09-27,84442700,27018700,553854000,61925200,4577740000
2022-09-28,146691400,29029700,542414000,54664800,4684850000
2022-09-29,128138200,27484200,532763000,77620600,4681810000
2022-09-30,124925300,35694800,565638000,67726600,5645360000
2022-10-03,114311700,28880400,547478000,98363500,4806680000
2022-10-04,87830100,34888400,584182000,109578500,5146580000
2022-10-05,79471000,20347100,507131000,86982700,4293180000
2022-10-06,68402200,20239900,644157000,69298400,4252100000
2022-10-07,85925600,37769600,672478000,83916800,4449660000
2022-10-10,74899000,29743600,698699000,67925000,3834320000
2022-10-11,77033700,30474000,667482000,77013200,4759030000
2022-10-12,70433700,21903900,492590000,66860700,4006830000
2022-10-13,113224000,42551800,850103000,91483000,5021680000
2022-10-14,88598000,30198600,713432000,94124500,4243030000
2022-10-17,85250900,28142300,580774000,79428800,4352780000
2022-10-18,99136600,26329600,659362000,75891900,4483740000
2022-10-19,61758300,19985700,523131000,66571500,4223800000
2022-10-20,64522000,21811000,652398000,117798100,4496620000
2022-10-21,86548600,26299700,609494000,75713800,5078020000
2022-10-24,75981900,24911200,517457000,100446800,4747930000
2022-10-25,74732300,34775500,505482000,96507900,4843120000
2022-10-26,88194300,82543200,532953000,85012500,4817310000
2022-10-27,109180200,40424600,583113000,61638800,4687320000
2022-10-28,164762400,40647700,521040000,69152400,4459410000
2022-10-31,97943200,28357300,486341000,61554300,4820620000
2022-11-01,80379300,30592300,432817000,62688800,4481210000
2022-11-02,93604600,38407000,672628000,63070300,4899000000
2022-11-03,97918500,36633900,500065000,56538800,4625290000
2022-11-04,140814800,36789100,612576000,98622200,5400180000
2022-11-07,83374600,33498000,410061000,93916500,4341620000
2022-11-08,89908500,28192500,595292000,128803400,4607640000
2022-11-09,74917800,27852900,454414000,127062700,4645010000
2022-11-10,118854000,46268000,700819000,132703000,5781260000
2022-11-11,93979700,34620200,655487000,114403600,5593310000
2022-11-14,73374100,31123300,527852000,92226600,4561930000
2022-11-15,89868300,31390100,545876000,91293800,5015310000
2022-11-16,64218300,24093300,649547000,66567600,4165320000
2022-11-17,80389400,23123500,710894000,64336000,4051780000
2022-11-18,74829600,27613500,492072000,76048900,4037360000
2022-11-21,58724100,26394700,404739000,92882700,3850690000
2022-11-22,51804100,19665700,472866000,78452300,3887990000
2022-11-23,58301400,19508500,427241000,109536700,3279720000
2022-11-25,35195900,9200800,167934000,50672700,1706460000
2022-11-28,69246000,24778200,303741000,92905200,3615430000
2022-11-29,83763800,17956300,298384000,83357100,3546040000
2022-11-30,111380900,47594200,565298000,109186400,6579360000
2022-12-01,71250400,26041500,470977000,80046200,4527130000
2022-12-02,65447400,21528500,371389000,73645900,4012620000
2022-12-05,68826400,23435300,352255000,93122700,4280820000
2022-12-06,64727200,22463700,352694000,92150800,4368380000
2022-12-07,69721100,20481500,372388000,84213300,4118050000
2022-12-08,62128300,22611800,515456000,97624500,4006900000
2022-12-09,76097000,20609700,465338000,104872300,3888260000
2022-12-12,70462700,30665100,457328000,109794500,3904130000
2022-12-13,93886200,42196900,656589000,175862700,5079360000
2022-12-14,82291200,35410900,496888000,140682300,4472340000
2022-12-15,98931900,35560400,478542000,122334500,4493900000
2022-12-16,160156900,86102000,478232000,139032200,7493660000
2022-12-19,79592600,29696400,354039000,139390600,3969610000
2022-12-20,77432800,25150800,403260000,159563300,3985370000
2022-12-21,85928000,23690600,325025000,145417400,3775200000
2022-12-22,77852100,28651700,565045000,210090300,3956950000
2022-12-23,63814900,21207000,349326000,166989700,2819280000
2022-12-27,69007800,16688600,464902000,208643400,3030300000
2022-12-28,85438400,17457100,351066000,221070500,3083520000
2022-12-29,75703700,19770700,354923000,221923300,3003680000
2022-12-30,77034200,21938500,310490000,157777300,2979870000
2023-01-03,112117500,25740000,401277000,231402800,3959140000
2023-01-04,89113600,50623400,431324000,180389000,4414080000
2023-01-05,80962700,39585600,389168000,157986300,3893450000
2023-01-06,87754700,43613600,405044000,220911100,3923560000
2023-01-09,70790800,27369800,504231000,190284000,4311770000
2023-01-10,63896200,27033900,384101000,167642500,3851030000
2023-01-11,69458900,28669300,353285000,183810800,4303360000
2023-01-12,71379600,27269500,551409000,169400900,4440260000
2023-01-13,57809700,21333300,447287000,180714100,3939700000
2023-01-17,63646600,29831300,511102000,186477000,4235560000
2023-01-18,69672800,30028700,439624000,195680300,4298710000
2023-01-19,58280400,28623000,452932000,170291900,3991500000
2023-01-20,80223600,35389800,564967000,138858100,4013360000
2023-01-23,81760300,31934000,655163000,203119200,3945210000
2023-01-24,66435100,40234400,496204000,158699100,3320430000
2023-01-25,65799300,66526600,449537000,192734300,3724020000
2023-01-26,54105100,33454500,489535000,234815100,3809590000
2023-01-27,70555800,26498900,542142000,306590600,3907760000
2023-01-30,64015300,25867400,488611000,230878800,3802000000
2023-01-31,65874500,26541100,498017000,196813500,4679320000
2023-02-01,77663600,31259900,660477000,213806300,4856930000
2023-02-02,118339000,39940400,564276000,217448300,5624360000
2023-02-03,154357300,29077300,429366000,232662000,4694510000
2023-02-06,69858300,22518000,452197000,186188100,4114240000
2023-02-07,83322600,50841400,664150000,186010300,4355860000
2023-02-08,64120100,54686000,559651000,180673600,4029820000
2023-02-09,56007100,42375100,523876000,215431400,4270200000
2023-02-10,57450700,25818500,550737000,204754100,3891520000
2023-02-13,62199000,44630900,474919000,172475500,3448620000
2023-02-14,61707600,37047900,675474000,216455700,3929200000
2023-02-15,65573800,28922400,420575000,181006400,4075980000
2023-02-16,68167900,29603600,412026000,229586500,4143660000
2023-02-17,59144100,30000100,465888000,213738500,4045480000
2023-02-21,58867200,28397400,410015000,180018600,4121590000
2023-02-22,51011300,22491100,513184000,191828500,4079320000
2023-02-23,48394200,29219100,1117995000,146360000,3952940000
2023-02-24,55469600,24990900,589716000,142228100,3877700000
2023-02-27,44998500,21190000,452994000,161028300,3836950000
2023-02-28,50547000,22491000,455963000,153144900,5043400000
2023-03-01,55479000,27565300,460026000,156852800,4249480000
2023-03-02,52238100,24808200,389415000,181500700,4244900000
2023-03-03,70732300,30760100,412393000,154193300,4084730000
2023-03-06,87558000,24109800,437429000,128100100,4000870000
2023-03-07,56182000,21473200,515154000,148125800,3922500000
2023-03-08,47204800,17340200,513573000,151897800,3535570000
2023-03-09,53833600,26653400,501257000,170023800,4445260000
2023-03-10,68572400,28333900,474866000,191488900,5518190000
2023-03-13,84457100,33339700,421890000,167790300,6558020000
2023-03-14,73695900,33620300,474910000,143717900,5665870000
2023-03-15,77167900,46028000,524486000,145995600,6594010000
2023-03-16,76161100,54768800,583253000,121136800,5695790000
2023-03-17,98944600,69527400,848547000,133197100,9354280000
2023-03-20,73641400,43466600,432747000,129684400,5347140000
2023-03-21,73938300,34558700,547408000,153391400,4920240000
2023-03-22,75701800,34873300,797295000,150376400,4533010000
2023-03-23,67622100,36610900,564889000,144193900,4991600000
2023-03-24,59196500,28172000,454920000,116312400,4583970000
2023-03-27,52390300,26840200,361026000,120851600,4233540000
2023-03-28,45992200,21878600,356104000,98654600,4014600000
2023-03-29,51305700,25087000,393694000,123660000,4145250000
2023-03-30,49501700,25053400,364516000,110252200,3930860000
2023-03-31,68749800,32766000,433933000,170222100,4525120000
2023-04-03,56976200,24883300,398716000,169545900,4234700000
2023-04-04,46278300,25824300,368592000,126463800,4227800000
2023-04-05,51511700,22064800,515015000,133882500,3968020000
2023-04-06,45390100,29770300,397654000,123857900,3486690000
2023-04-10,47716900,23103000,395279000,142154600,3423650000
2023-04-11,47644200,27276600,314378000,115770900,3665830000
2023-04-12,50133100,27403400,446259000,150256300,3633120000
2023-04-13,68445600,24222700,353615000,112933000,3596590000
2023-04-14,49386500,20987900,395660000,96438700,3575690000
2023-04-17,41516200,23836200,321471000,116662200,3611180000
2023-04-18,49923000,20161800,604812000,92067000,3536640000
2023-04-19,47720200,17150300,358660000,125732700,3572560000
2023-04-20,52456400,23244400,427713000,210970800,3772080000
2023-04-21,58337300,21676400,345103000,123539000,3611750000
2023-04-24,41949600,26611000,339282000,140006600,3290940000
2023-04-25,48714100,45772200,378527000,121999300,3978640000
2023-04-26,45498800,64599200,406337000,153364100,3837030000
2023-04-27,64902300,46462600,377161000,127015200,3750550000
2023-04-28,55275900,36469600,292216000,122515800,4087800000
2023-05-01,52472900,21294100,570329000,109015000,3321370000
2023-05-02,48425700,26404400,402730000,128259700,4486130000
2023-05-03,65136000,22360800,383387000,119728000,4246510000
2023-05-04,81235400,22519900,321850000,95108500,4920090000
2023-05-05,113453200,28197100,361494000,107607300,4186270000
2023-05-08,55962800,21318600,344979000,112249400,3641640000
2023-05-09,45326900,21340800,314869000,88965000,3810140000
2023-05-10,53724500,30078000,369350000,119840700,4057160000
2023-05-11,49514700,31680200,322149000,103889900,3752900000
2023-05-12,45533100,19774700,274222000,157849600,3533740000
2023-05-15,37266700,16336500,293926000,105592500,3562170000
2023-05-16,42110300,26730300,449405000,98288800,3654200000
2023-05-17,57951600,24315000,432535000,125473600,4039080000
2023-05-18,65496700,27276000,748725000,109520300,3980500000
2023-05-19,55809500,27546700,473908000,136196700,4041900000
2023-05-22,43570900,24115700,372000000,132001400,3728520000
2023-05-23,50747300,30797200,356253000,156952100,4155320000
2023-05-24,45143500,23384900,721419000,137605100,0
2023-05-25,56058300,43301700,1543911000,96870700,4147760000
2023-05-26,54835000,36630600,714397000,162061500,3715460000
2023-05-30,55964400,29503100,923401000,128818700,4228510000
2023-05-31,99625300,45950600,1002580000,150711700,5980670000
2023-06-01,68901800,26773900,635873000,148029900,4391860000
2023-06-02,61996900,25873800,482731000,164398400,4454200000
2023-06-05,121946500,21307100,396094000,151143100,3813290000
2023-06-06,64848400,20396200,388729000,146911600,3996560000
2023-06-07,61944600,40717100,511998000,185710800,4537800000
2023-06-08,50214900,23277700,417772000,164489700,3826740000
2023-06-09,48900000,22529000,427717000,200242400,3786510000
2023-06-12,54274900,24260300,388701000,150337900,3945670000
2023-06-13,54929100,22951300,613208000,162384300,4275400000
2023-06-14,57462900,26003800,740465000,170575500,4252110000
2023-06-15,65433200,38899100,568622000,160171200,4176690000
2023-06-16,101256200,46552000,655709000,167915600,6848600000
2023-06-20,49799100,26375400,451153000,165611200,4055790000
2023-06-21,49515700,25117800,551603000,211797100,3709330000
2023-06-22,51245300,23556800,417737000,166875900,3511000000
2023-06-23,53117000,23146900,358140000,177460800,6053620000
2023-06-26,48088700,21520600,594322000,179990600,3415030000
2023-06-27,50730800,24354100,462175000,164968200,3573500000
2023-06-28,51216800,20259500,582639000,159770800,3739330000
2023-06-29,46347300,16997000,380514000,131283400,3696660000
2023-06-30,85213200,26832800,501148000,112620800,3923450000
2023-07-03,31458200,12508700,198209000,119685900,2034280000
2023-07-05,46920300,18172400,323618000,131530900,3482620000
2023-07-06,45094300,28161200,303582000,120332100,3682020000
2023-07-07,46815000,21214800,355881000,113879200,3630480000
2023-07-10,59922200,32791400,353908000,119425400,3429600000
2023-07-11,46638100,26698200,298244000,91972400,3624220000
2023-07-12,60750200,29995300,481277000,95672100,3920290000
2023-07-13,41342300,20567200,478204000,112681500,3839530000
2023-07-14,41616200,28352700,772075000,120062400,3647450000
2023-07-17,50520200,20363900,510488000,131569600,3538240000
2023-07-18,48288200,64738600,569164000,112120300,4090010000
2023-07-19,80507300,39732900,427502000,142355400,4115670000
2023-07-20,59581200,33778400,537865000,175158300,3761770000
2023-07-21,71951700,69405400,963769000,161796100,3570190000
2023-07-24,45377800,26678100,382516000,136508500,3856250000
2023-07-25,37283200,41637700,348081000,112757300,3812470000
2023-07-26,47471900,58383700,364237000,95856200,3990290000
2023-07-27,47460200,39635300,455976000,103697300,4553210000
2023-07-28,48291400,28484900,331194000,111446000,3981010000
2023-07-31,38824100,25446000,251055000,84582200,4503600000
2023-08-01,35175100,18311900,237858000,83166000,4042370000
2023-08-02,50389300,27761300,530142000,101752900,4270710000
2023-08-03,61235200,18253700,324176000,97569100,4149120000
2023-08-04,115956800,23741500,362666000,99539900,4143310000
2023-08-07,97576100,17741500,322154000,111097900,3493920000
2023-08-08,67823000,22327600,353843000,96642200,3884910000
2023-08-09,60378500,22373300,586449000,101596300,3803100000
2023-08-10,54686900,20113700,492705000,109498600,4504370000
2023-08-11,52036700,24355500,533085000,99038600,3753290000
2023-08-14,43675600,18836100,690286000,98595300,3896410000
2023-08-15,43622600,16966300,676512000,88197600,3832250000
2023-08-16,46964900,20698900,527451000,112484500,3753910000
2023-08-17,66062900,21257200,452395000,120718400,3943700000
2023-08-18,61172200,24755000,583768000,136276600,3940400000
2023-08-21,46311900,24040000,692573000,135702700,3726850000
2023-08-22,42038900,16084600,755293000,130442800,3522760000
2023-08-23,52722800,21166400,779046000,101077600,3837270000
2023-08-24,54945800,23281400,1156044000,99777400,3723470000
2023-08-25,51449600,21684100,925341000,106612200,3296180000
2023-08-28,43820700,14808500,685192000,107673700,2957230000
2023-08-29,53003900,19284600,701397000,134047600,3354820000
2023-08-30,60813900,15222100,735206000,121988400,3064110000
2023-08-31,60794500,26411000,528570000,108861700,3946360000
2023-09-01,45766500,14942000,463830000,132541600,3246260000
2023-09-05,45280000,18553900,382653000,129469600,3526250000
2023-09-06,81755800,17535800,468670000,116959800,3418850000
2023-09-07,112488800,18381000,433330000,115312900,3763760000
2023-09-08,65551300,19530100,473069000,118367700,3259290000
2023-09-11,58953100,16583300,473966000,174667900,3369920000
2023-09-12,90370200,17565500,349256000,135999900,3435740000
2023-09-13,84267900,16544400,398355000,111673700,3529430000
2023-09-14,60895800,20267000,370097000,107709800,3648720000
2023-09-15,109259500,37679800,506831000,133692300,6932230000
2023-09-18,67257600,16834200,500271000,101543300,3161230000
2023-09-19,51826900,16505900,373064000,103704000,3614880000
2023-09-20,58436200,21436500,367108000,122514600,3308450000
2023-09-21,63149100,35560400,450736000,119951500,3662340000
2023-09-22,56725400,21447900,479236000,127524100,3349570000
2023-09-25,46172700,17836000,419091000,104636600,3195650000
2023-09-26,64588900,26297600,402282000,101993600,3472340000
2023-09-27,66921800,19410100,444935000,136597200,3875880000
2023-09-28,56294400,19683600,424663000,117058900,3846230000
2023-09-29,51861100,24147300,397830000,128522700,3865960000
2023-10-02,52164500,20570000,433298000,123810400,3938660000
2023-10-03,49594600,21033500,470850000,101985300,3953830000
2023-10-04,53020300,20720100,361821000,129721600,3777600000
2023-10-05,48527900,16965600,393483000,119159200,3581470000
2023-10-06,57266700,25673600,434436000,118121800,3902030000
2023-10-09,42390800,19891200,409675000,101377900,3174630000
2023-10-10,43698000,20557100,368582000,122656000,3520240000
2023-10-11,47551100,20063200,378137000,103706300,3601660000
2023-10-12,56743100,19313100,481325000,111508100,3713140000
2023-10-13,51427100,21072400,474115000,102073800,3566560000
2023-10-16,52517000,22158000,375099000,88917200,3409960000
2023-10-17,57549400,18338500,812333000,93562900,3794850000
2023-10-18,54764400,23153600,627294000,125147800,3686030000
2023-10-19,59302900,25052100,501233000,170772700,3969730000
2023-10-20,64244000,25027700,477266000,138010100,4004030000
2023-10-23,55980100,24374700,478530000,150683400,3776100000
2023-10-24,43816600,31153600,401463000,118231100,3821820000
2023-10-25,57157000,55053800,398379000,107065100,3869370000
2023-10-26,70625300,37828500,541001000,115112600,4277640000
2023-10-27,58499100,29856500,416784000,94881200,4019500000
2023-10-30,51131000,22828100,388028000,136448200,3911140000
2023-10-31,44846000,20265300,517969000,118068300,4249470000
2023-11-01,56934900,28158800,437593000,121661700,4224900000
2023-11-02,77334800,24348100,409172000,125987600,4669780000
2023-11-03,79829200,23637700,424610000,119534800,4570960000
2023-11-06,63841300,23828300,400733000,117335800,3656340000
2023-11-07,70530000,25833900,343165000,116900100,3791230000
2023-11-08,49340300,26767800,346719000,106584800,3729510000
2023-11-09,53763500,24847300,540496000,142110500,3900780000
2023-11-10,66133400,28042100,421245000,130994000,3665080000
2023-11-13,43627500,19986500,384136000,140447600,3326240000
2023-11-14,60108400,27683900,416954000,149771600,4700350000
2023-11-15,53790500,26860100,475497000,150354000,4347170000
2023-11-16,54412900,27182300,339756000,136816800,3964520000
2023-11-17,50922700,40157000,325205000,142532800,3777240000
2023-11-20,46505100,52465100,414120000,116320100,3644790000
2023-11-21,38134500,28423100,565747000,122288000,3511080000
2023-11-22,39617700,23345300,899420000,117950600,3042810000
2023-11-24,24048300,10176600,294645000,65125200,1639500000
2023-11-27,40552600,22179200,395662000,112031800,3403990000
2023-11-28,38415400,20453100,401491000,148549900,3586240000
2023-11-29,43014200,28963400,382005000,135401300,4418760000
2023-11-30,48794400,30554400,526247000,132353200,5399300000
2023-12-01,45704800,33040500,369317000,121331700,4397120000
2023-12-04,43389500,32063300,437543000,104099800,4369910000
2023-12-05,66628400,23065000,371718000,137971100,3909950000
2023-12-06,41089700,21182100,380590000,126436200,4245680000
2023-12-07,47477700,23118900,350823000,107142300,3818880000
2023-12-08,53406400,20154400,359224000,103126800,3707010000
2023-12-11,60943700,27708800,509728000,97913900,3823210000
2023-12-12,52696900,24838300,372387000,95328300,3808380000
2023-12-13,70404200,30955500,447792000,146286300,5063650000
2023-12-14,66831600,43277500,391232000,160829200,6314040000
2023-12-15,128538400,78502300,479948000,135932800,8218980000
2023-12-18,55751900,21802900,412587000,116416500,4060340000
2023-12-19,40714100,20603700,464444000,106737400,4026970000
2023-12-20,52242800,26316700,397894000,125097000,4201320000
2023-12-21,46482500,17708000,300425000,109594200,3431180000
2023-12-22,37149600,17107500,252507000,93370100,3046770000
2023-12-26,28919300,12673100,244200000,86892400,2513910000
2023-12-27,48087700,14905400,233648000,106494400,2748450000
2023-12-28,34049900,14327000,246587000,113619900,2698860000
2023-12-29,42672100,18730800,389293000,100891600,3126060000
2024-01-02,82488700,25258600,411254000,104654200,3743050000
2024-01-03,58414500,23083500,320896000,121082600,3950760000
2024-01-04,71983600,20901500,306535000,102629300,3715480000
2024-01-05,62379700,21004600,415039000,92488900,3844370000
2024-01-08,59144500,23134000,642510000,85166600,3742320000
2024-01-09,42841800,20830000,773100000,96705700,3529960000
2024-01-10,46792900,25514200,533796000,91628500,3498680000
2024-01-11,49128400,27850800,596759000,105873600,3759890000
2024-01-12,40477800,21661200,352994000,123043800,3486340000
2024-01-16,65603000,27202300,449580000,115355000,4260550000
2024-01-17,47317400,22234100,474394000,103164400,3928600000
2024-01-18,78005800,23392100,491650000,108595400,4019000000
2024-01-19,68903000,29331100,543501000,102260300,4287200000
2024-01-22,60133900,27016900,452955000,117952500,4297610000
2024-01-23,42355600,20525900,294654000,106605900,3912800000
2024-01-24,53631300,24867000,560271000,123369900,4330030000
2024-01-25,54822100,21021200,482777000,198076800,4020430000
2024-01-26,44594000,17803300,390309000,107343200,3353400000
2024-01-29,47145600,24510200,348733000,125013100,3525160000
2024-01-30,55859400,33477600,410735000,109982300,3836130000
2024-01-31,55467800,47871100,453795000,103221400,4696120000
2024-02-01,64885400,30657700,369146000,91843300,4386090000
2024-02-02,102551700,28256700,476578000,110612700,3974350000
2024-02-05,69668800,25352300,680078000,134294400,4023640000
2024-02-06,43490800,18382600,683111000,122676000,4440880000
2024-02-07,53439000,22340500,495575000,111535200,4895590000
2024-02-08,40962000,21225300,414422000,83034000,4341860000
2024-02-09,45155200,22032800,436637000,84476300,3912990000
2024-02-12,41781900,21202900,613710000,95498600,3805740000
2024-02-13,56529500,27824900,602580000,86759500,4302190000
2024-02-14,54630500,20401200,504917000,81203000,3845600000
2024-02-15,65434500,21825500,420122000,120831800,4137970000
2024-02-16,49752500,22296500,495327000,111346700,3833270000
2024-02-20,53665600,24307900,704833000,104545800,4034880000
2024-02-21,41371400,18518900,673755000,103500300,3788390000
2024-02-22,52292200,27009900,865100000,92739500,4051710000
2024-02-23,45119700,16295900,829388000,78841900,3672790000
2024-02-26,40867400,16193500,503973000,111747100,3683930000
2024-02-27,54318900,14835800,391705000,108645400,3925950000
2024-02-28,48953900,13183100,393110000,99806200,3789370000
2024-02-29,136682600,31947300,507289000,85907000,5219740000
2024-03-01,73563100,17823400,479135000,82243100,4748110000
2024-03-04,81510100,17596000,615616000,134334900,4758440000
2024-03-05,95132400,26919200,520639000,119660800,4418410000
2024-03-06,68587700,22344100,582520000,107920900,4559050000
2024-03-07,71765100,18718500,608119000,102129000,4137980000
2024-03-08,76267000,18002200,1142269000,85544600,4208870000
2024-03-11,60139500,16120800,678364000,85391500,3896430000
2024-03-12,59825400,22457000,668075000,87391700,4080510000
2024-03-13,52488700,17115900,635713000,106524500,4282890000
2024-03-14,72913500,34157300,602318000,126325700,4687970000
2024-03-15,121752700,45079900,642086000,97146800,7753670000
2024-03-18,75604200,20106000,668976000,108214400,4036220000
2024-03-19,55215200,19837900,672171000,77271400,4031760000
2024-03-20,53423100,17860100,479063000,83846700,4064850000
2024-03-21,106181300,21296200,480372000,73178000,4207730000
2024-03-22,71160100,17648500,586719000,75580600,3374700000
2024-03-25,54288300,18060500,552136000,74228600,3331360000
2024-03-26,57388400,16725600,513648000,113186200,3871790000
2024-03-27,60273300,16705000,586067000,81804000,3850500000
2024-03-28,65672700,21871200,435212000,77654800,3998270000
2024-04-01,46240500,16316000,452441000,81562100,3325930000
2024-04-02,49329500,17912000,433064000,116650600,3886590000
2024-04-03,47691700,16502300,370067000,82950100,3703250000
2024-04-04,53704400,19370900,434965000,123162000,4075680000
2024-04-05,42104800,16554800,399678000,143157600,3386780000
2024-04-08,37425500,14272400,283220000,104423300,3278180000
2024-04-09,42373800,12496900,501700000,102951700,3400680000
2024-04-10,49709300,16216600,431929000,84532400,3845930000
2024-04-11,91070300,17966400,431637000,94516000,3509380000
2024-04-12,101670900,19253800,426805000,64722700,3963220000
2024-04-15,73531800,20273500,443077000,100245300,3950210000
2024-04-16,73711200,16765600,370453000,97000000,4006200000
2024-04-17,50901200,15855500,495400000,82439700,3596130000
2024-04-18,43122900,21029900,447260000,96098800,3619760000
2024-04-19,68149400,30565800,875198000,87074500,3878750000
2024-04-22,48116400,20286900,596341000,107097600,3820250000
2024-04-23,49537800,15734500,438559000,124545100,3751400000
2024-04-24,48251800,15065300,512208000,181178000,3656740000
2024-04-25,50558300,40586500,424641000,126427500,3958050000
2024-04-26,44838400,29694700,551011000,109815700,3604140000
2024-04-29,68169400,19582100,388971000,243869700,3447450000
2024-04-30,65934800,28781400,363709000,127031800,4082470000
2024-05-01,50383100,23562500,559863000,92829700,4544170000
2024-05-02,94214900,17709400,377898000,89148000,4381660000
2024-05-03,163224100,17446700,398341000,75491500,3924990000
2024-05-06,78569700,16996600,376203000,84390300,3683250000
2024-05-07,77305800,20018200,437342000,75045900,3987890000
2024-05-08,45057100,11792300,325721000,79969500,3842100000
2024-05-09,48983000,14689700,378013000,65950300,3727370000
2024-05-10,50759500,13402300,335325000,72627200,3617900000
2024-05-13,72044800,15440200,289680000,67018900,4255710000
2024-05-14,52393600,15109300,296507000,86407400,4763580000
2024-05-15,70400000,22239500,417735000,79663000,4360810000
2024-05-16,52845200,17530100,323952000,59812200,3817470000
2024-05-17,41282900,15352200,359691000,77445800,3578120000
2024-05-20,44361300,16272100,318764000,61727400,3420100000
2024-05-21,42309400,21453300,328946000,115266500,3662240000
2024-05-22,34648500,18073700,548648000,88313500,3847130000
2024-05-23,51005900,17211700,835065000,71975500,3869520000
2024-05-24,36327000,11855300,429494000,65584500,3005510000
2024-05-28,52280100,15718000,652728000,59736600,3751540000
2024-05-29,53068000,15517100,557442000,54782600,3552750000
2024-05-30,49889100,28394500,484553000,77618400,3818750000
2024-05-31,75158300,47995300,613263000,67314600,5437160000
2024-06-03,50080500,17484700,438392000,68568900,4046920000
2024-06-04,47471400,14348900,403324000,60056300,3707900000
2024-06-05,54156800,16988000,528402000,57953800,3591460000
2024-06-06,41181800,14861300,664696000,69887000,3609990000
2024-06-07,53103900,13621700,412386000,56244900,3692760000
2024-06-10,97010200,13982900,313434100,50774600,3622280000
2024-06-11,172373300,14551100,222551200,64761900,3568030000
2024-06-12,198134300,22366200,299595000,90389400,3962840000
2024-06-13,97862700,15960600,260704500,118984100,3530380000
2024-06-14,70122700,13582000,309320400,82038200,3438650000
2024-06-17,93728300,20790000,288504400,109786100,3447840000
2024-06-18,79943300,17112500,294335100,68982300,3544330000
2024-06-20,86172500,19877400,517768400,55893100,3847060000
2024-06-21,241805100,34187100,649445800,61937300,6773800000
2024-06-24,80727000,15913700,476060900,61992100,3696750000
2024-06-25,55549700,16413400,414192600,62905700,3591960000
2024-06-26,66213200,16507000,362975900,95737100,3563920000
2024-06-27,49772700,14806300,252571700,72746500,3589530000
2024-06-28,82542700,28362300,315516700,95438100,7199220000
2024-07-01,60402900,17662800,284885500,135691400,3488760000
2024-07-02,58046200,13979800,218374000,205047900,3329950000
2024-07-03,37369800,9932800,215749000,166561500,2179470000
2024-07-05,60412400,16000300,214176700,154501200,3253080000
2024-07-08,59085900,12962300,237677300,157219600,3185670000
2024-07-09,48076100,17207200,285366600,160210900,3232920000
2024-07-10,62627700,18196100,248978600,128519400,3336100000
2024-07-11,64710600,23111200,374782700,221707300,4020950000
2024-07-12,53046500,16324300,252680500,155955800,3700280000
2024-07-15,62631300,14429400,208326200,146912900,3620470000
2024-07-16,43234300,17175700,214769500,126332500,4041760000
2024-07-17,57345900,21778000,390086200,115584800,4246450000
2024-07-18,66034600,20794800,320979500,110869000,4007510000
2024-07-19,49151500,20940400,217223800,87403900,3760570000
2024-07-22,48201800,15808800,258068900,101225400,3375180000
2024-07-23,39960300,13107100,173911000,111928200,3500210000
2024-07-24,61777600,26805800,327776900,167942900,3945550000
2024-07-25,51391200,29943800,460067000,100636500,4592120000
2024-07-26,41601300,23583800,293399100,94604100,3638770000
2024-07-29,36311800,15125800,248152100,129201800,3379970000
2024-07-30,41643800,32687600,486833300,100560300,3777740000
2024-07-31,50036300,42891400,473174200,67497000,4546910000
2024-08-01,62501000,30296400,523462300,83861900,4703620000
2024-08-02,105568600,29437900,482027500,82880100,5156450000
2024-08-05,119548600,40709200,552842400,100308800,5333250000
2024-08-06,69660500,24946500,409012100,73783900,4690190000
2024-08-07,63516400,20650900,411440400,71159800,4558260000
2024-08-08,47161100,20203000,391910000,65033900,4016830000
2024-08-09,42201600,19276700,290844200,58648300,3516400000
2024-08-12,38028100,16762900,325559900,64044900,3360160000
2024-08-13,44155300,19414300,312646700,76247400,3648980000
2024-08-14,41960600,18267000,339246400,70250000,3380050000
2024-08-15,46414000,20752100,318086700,89848500,3723310000
2024-08-16,44340200,22775600,302589900,88765100,3357690000
2024-08-19,40687800,15234000,318333600,76435200,3222050000
2024-08-20,30299000,16387600,300087400,74001200,2994420000
2024-08-21,34765500,16067300,257883600,70146000,3119670000
2024-08-22,43695300,19361900,376189100,79514500,2981530000
2024-08-23,38677300,18493800,323230300,81525200,3291940000
2024-08-26,30602200,13152800,331964700,59301200,2938570000
2024-08-27,35934600,13492900,303134600,62821400,2798990000
2024-08-28,38052200,14882700,448101100,64116400,3053450000
2024-08-29,51906300,17045200,453023300,62308800,3065640000
2024-08-30,52990800,24308300,333751600,63370600,4185850000
2024-09-03,50190600,20313600,477155100,76714200,3866350000
2024-09-04,43840200,15135800,372470300,80651800,3478140000
2024-09-05,36615400,14195500,306850700,119355000,3521650000
2024-09-06,48423000,19609500,413638100,112177000,3822800000
2024-09-09,67180000,15295100,273912000,67443500,3825940000
2024-09-10,51591000,19594300,268283700,78891100,3848180000
2024-09-11,44587100,19266900,441422400,83548600,3839450000
2024-09-12,37455600,17395700,366052700,71894900,3655070000
2024-09-13,36766600,15874600,238358300,59515100,3500790000
2024-09-16,59357400,13834700,248772300,54323000,3437070000
2024-09-17,45519300,18874200,231925900,66761600,3443600000
2024-09-18,59894900,18898000,310318900,78010200,3691390000
2024-09-19,66781300,21706600,293506400,102694600,4024530000
2024-09-20,318679900,55167100,382462400,99879100,7867260000
2024-09-23,54146000,15128900,206228500,86927200,3529550000
2024-09-24,43556100,17015800,354966800,88491000,3872710000
2024-09-25,42308700,13396400,284692900,65034300,3624910000
2024-09-26,36636700,14492000,302582900,67142200,4391180000
2024-09-27,34026000,14896100,271009200,70988100,3898530000
2024-09-30,54541900,16807300,226553700,80705700,4425730000
2024-10-01,63285000,19092900,302094500,87397600,4025180000
2024-10-02,32880600,16582300,221845900,93983900,3829050000
2024-10-03,34044200,13686400,277118000,80729200,3597450000
2024-10-04,37245100,19169700,243678100,86573200,3479400000
2024-10-07,39505400,20919800,346250200,68113300,3637790000
2024-10-08,31855700,19229300,285722500,56303200,3393400000
2024-10-09,33591100,14974300,246191600,66289500,3650340000
2024-10-10,28183500,13848400,242311300,83087100,3208790000
2024-10-11,31759200,14144900,170209500,142628900,3208720000
2024-10-14,39882100,16653100,232347700,86291900,3005250000
2024-10-15,64751400,18900200,377831000,62988800,3882120000
2024-10-16,34082200,15508900,264879700,49632800,3467230000
2024-10-17,32993800,14820000,306435900,50791800,3480010000
2024-10-18,46431500,17145300,176090200,49611900,3374490000
2024-10-21,36254500,14206100,264554500,47329000,3407010000
2024-10-22,38846600,25482200,226311600,43268700,3342080000
2024-10-23,52287000,19654400,285930000,80938900,3532650000
2024-10-24,31109500,13581600,172354900,204491900,3543030000
2024-10-25,38802300,16899100,205122100,161611900,3501280000
2024-10-28,36087100,14882400,173586700,107653600,3691280000
2024-10-29,35417200,17644100,157593600,80521800,3879100000
2024-10-30,47070900,29749100,179418100,53993600,3851120000
2024-10-31,64370100,53971000,270039600,66575300,4425660000
2024-11-01,65276700,24230400,207127800,57544800,3796450000
2024-11-04,44944500,19672300,187528200,68802400,3602060000
2024-11-05,28111300,17626000,160537400,69282500,3768310000
2024-11-06,54561100,26681800,242043900,165228700,6329530000
2024-11-07,42137700,19901800,207323300,117309200,4925740000
2024-11-08,38328800,16891400,175665800,204782800,4666740000
2024-11-11,42005600,24503300,182325600,210521600,4333000000
2024-11-12,40398300,19401200,198634700,155726000,4243400000
2024-11-13,48566200,21502200,191903300,125405600,4220180000
2024-11-14,44923900,30246900,194463300,120726100,4184570000
2024-11-15,47923700,28247600,250132900,114440300,4590960000
2024-11-18,44633700,24727000,221205300,126085600,3983860000
2024-11-19,36211800,18133500,227834900,88852500,4036940000
2024-11-20,35169600,19191700,309871700,66340700,3772620000
2024-11-21,42108300,20780200,400946600,58011700,4230120000
2024-11-22,38168300,24814600,236406200,89140700,4141420000
2024-11-25,90152800,27691100,344941900,95890900,5633150000
2024-11-26,45986200,23458900,190287700,62295900,3835170000
2024-11-27,33498400,18332400,226370900,57896400,3363340000
2024-11-29,28481400,16271900,141863200,37167600,2444420000
2024-12-02,48137100,20207200,171682800,77986500,4412470000
2024-12-03,38861000,18302000,164414000,58267200,4095000000
2024-12-04,44383900,26009400,231224300,50810900,4003390000
2024-12-05,40033900,21697800,172621200,81403600,4212020000
2024-12-06,36870600,18821000,188505600,81455800,3924830000
2024-12-09,44649200,19144400,189308600,96359200,4556460000
2024-12-10,36914800,18469500,210020900,97563600,4048410000
2024-12-11,45205800,19200200,184905200,104287600,4269950000
2024-12-12,32777500,20834800,159211400,87752200,3678010000
2024-12-13,33155300,20177800,231514900,89000200,3584960000
2024-12-16,51694800,23598800,237951100,114083800,4391100000
2024-12-17,51356400,22733500,259410300,131223000,4544500000
2024-12-18,56774100,24444500,277444500,149340800,5246960000
2024-12-19,60882300,22963700,209719200,118566100,4896880000
2024-12-20,147495300,64263700,306528600,132216200,8223220000
2024-12-23,40858800,19152500,176053500,72698100,3593280000
2024-12-24,23234700,7164500,105157000,59551800,1757720000
2024-12-26,27237100,8194200,116205600,76366400,2904530000
2024-12-27,42355300,18117700,170582600,82666800,3159610000
2024-12-30,35557500,13158700,167734700,64941000,3433250000
2024-12-31,39480700,13246500,155659200,76825100,3128350000
2025-01-02,55740700,16896500,198247200,109710700,3621680000
2025-01-03,40244100,16662900,229322500,95423300,3667340000
2025-01-06,45045600,20573600,265377400,85516500,4940120000
2025-01-07,40856000,18139100,351782200,75699500,4517330000
2025-01-08,37628900,15054600,227349900,73038800,4441740000
2025-01-10,61710900,20201100,207602500,62287300,4751930000
2025-01-13,49630700,17604800,204808900,67580500,4421200000
2025-01-14,39435300,16935900,195590500,84565000,4142280000
2025-01-15,39832000,19637800,185217300,81375500,4544570000
2025-01-16,71759100,15300000,209235600,68335200,4285810000
2025-01-17,68488300,26197500,201188800,94991400,4366830000
2025-01-21,98070400,26085700,197749000,87320900,4702920000
2025-01-22,64126500,27803800,237651400,60963300,4323040000
2025-01-23,60234800,18389300,155915500,50690600,4432250000
2025-01-24,54697900,15549500,234657600,56427100,4214250000
2025-01-27,94863400,35647800,818830900,58125500,5198750000
2025-01-28,75707600,23491700,579666400,48910700,4473640000
2025-01-29,45486100,23581400,467120600,68033600,4115310000
2025-01-30,55658300,54586300,392925500,98092900,4634620000
2025-01-31,100959800,34161900,388161100,83283600,4843770000
2025-02-03,73063300,25679100,371235700,93732100,4797210000
2025-02-04,45067300,20532100,256550000,57072200,4410160000
2025-02-05,39620300,16316700,262230800,57223300,4756250000
2025-02-06,29925300,16309800,251483600,77918200,4847120000
2025-02-07,39707200,22886800,228186300,70298300,4766900000
2025-02-10,33115600,20817900,216989100,77514900,4458760000
2025-02-11,53718400,18140600,178902400,118543400,4324880000
2025-02-12,45243300,19121700,160278600,105382700,4627960000
2025-02-13,53614100,23891700,197430000,89441500,4763800000
2025-02-14,40896200,22758500,195479600,68277300,4335190000
2025-02-18,48822500,21423100,219176600,51631700,4684980000
2025-02-19,32204200,24114200,167536000,67094400,4562330000
2025-02-20,32316900,23508700,143903600,45965400,4813690000
2025-02-21,53197400,27524800,228217600,74058600,5434560000
2025-02-24,51326400,26443700,251381100,76052300,4990120000
2025-02-25,48013300,29387400,271428700,134228800,5374690000
2025-02-26,44433600,19619000,322553800,100118300,4869580000
2025-02-27,41153600,21127400,443175800,101748200,5057680000
2025-02-28,56833400,32845700,389091100,115697000,6441140000
2025-03-03,47184000,23007700,411381400,115551400,5613850000
2025-03-04,53798100,29342900,398163300,126706600,6138110000
2025-03-05,47227600,23433100,284337900,94042900,5285970000
2025-03-06,45170400,23304600,321181900,98451600,5165080000
2025-03-07,46273600,22034100,341755500,102369600,5705140000
2025-03-10,72071200,32840100,366487400,189076900,6409370000
2025-03-11,76137400,30380200,354865700,174896400,6221240000
2025-03-12,62547500,24253600,323857500,142215700,5219830000
2025-03-13,61368300,20473000,299033100,114813500,5018980000
2025-03-14,60107600,19952800,277593500,100242300,4863180000
2025-03-17,48073400,22474300,255501500,111900600,5031770000
2025-03-18,42432400,19486900,299686900,111477600,4666270000
2025-03-19,54385400,19185500,273426200,111993800,4660090000
2025-03-20,48862900,18470500,248829700,99028300,4678420000
2025-03-21,94127800,39675900,266498500,132728700,9367460000
2025-03-24,44299500,21004500,228452500,169079900,4517990000
2025-03-25,34493600,15775000,167447200,150361500,4467340000
2025-03-26,34466100,16108400,293463300,153629800,4183140000
2025-03-27,37094800,13766800,236902100,162572100,4403460000
2025-03-28,39818600,21632000,229872500,123809400,4513330000
2025-03-31,65299300,35184700,299212700,134008900,5257250000
2025-04-01,36412700,19689500,222614000,146486900,4434500000
2025-04-02,35905900,16092600,220601200,212787800,4243830000
2025-04-03,103419000,30198000,338769400,136174300,7210470000
2025-04-04,125910900,49209900,532273800,181229400,8853500000
2025-04-07,160466300,50425000,611041300,183453800,8691980000
2025-04-08,120859500,35868900,476243400,171603500,7408140000
2025-04-09,184395900,50199700,612918300,219433400,9489600000
2025-04-10,121880000,38024400,437812400,181722600,6677140000
2025-04-11,87435900,23839200,313417300,128948100,5602550000
2025-04-14,101352900,19251200,264705000,100135200,5031440000
2025-04-15,51343900,17199900,228966900,79594300,4317110000
2025-04-16,59732400,21967800,397016900,112378700,4607750000
2025-04-17,52164700,21120200,292517500,83404800,4714880000
2025-04-21,46742500,20807300,288501100,97768000,4226340000
2025-04-22,52976400,19485000,241004800,120858500,4666950000
2025-04-23,52929200,20545500,247526000,150381900,5371390000
2025-04-24,47311000,22232300,220815000,94464200,4697710000
2025-04-25,38222300,18973200,251064700,167560700,4236580000
2025-04-28,38743100,16579400,207708500,151731800,4257880000
2025-04-29,36827600,14974000,170444300,108906600,4747150000
2025-04-30,52286500,36461100,235044600,128961100,5449490000
2025-05-01,57365700,58938100,236121500,99659000,4935270000
2025-05-02,101010600,30757400,190194800,114454700,4854380000
2025-05-05,69018500,20136100,133163200,94618900,4358260000
2025-05-06,51216500,15104200,158525600,76715800,4717260000
2025-05-07,68536700,23295300,206758800,71592600,4987440000
2025-05-08,50478900,23491300,198428100,97539400,5627400000
2025-05-09,36453900,15324200,132972200,132387800,4645090000
2025-05-12,63775800,22821900,225023300,112826700,6014580000
2025-05-13,51909300,23618800,330430100,136992600,5516290000
2025-05-14,49325800,19902800,281180800,136997300,5233450000
2025-05-15,45029500,21992300,226632600,97882600,4991290000
2025-05-16,54737900,23849800,226542500,95895700,4850850000
2025-05-19,46140500,21336500,193154600,88869900,4144010000
2025-05-20,42496600,15441800,161514200,131715500,4416850000
2025-05-21,59211800,19216900,270608700,102354800,5254250000
2025-05-22,46742400,18025600,187344000,97113400,5157050000
2025-05-23,78432900,16883500,198821300,84654800,4662820000
2025-05-27,56288500,20974300,192953600,120146400,5366380000
2025-05-28,45339700,17086300,304021100,91404300,4665050000
2025-05-29,51396800,13974800,369241900,88087800,4569750000
2025-05-30,70819900,34770500,333170900,123474900,6378540000
2025-06-02,35423300,16626500,197663100,81873800,4832240000
2025-06-03,46381600,15743800,225578800,99324500,5026680000
2025-06-04,43604000,14162700,167120800,98912100,4767050000
2025-06-05,55126100,20131700,231397900,287499800,5091850000
2025-06-06,46607700,15285600,153986200,164747700,4355710000
2025-06-09,72862600,16469900,185114500,140908900,4642360000
2025-06-10,54672600,15375900,155881900,151256500,4882880000
2025-06-11,60989900,16399200,167694000,122611400,5111550000
2025-06-12,43904600,18950600,162365000,105127500,4669500000
2025-06-13,51447300,16814500,180820600,128964300,5258910000
2025-06-16,43020700,15626100,183133700,83925900,5111710000
2025-06-17,38856200,15414100,139108000,88282700,4955700000
2025-06-18,45394700,17526500,161494100,95137700,5106470000
2025-06-20,96813500,37576200,242956200,108688000,7451500000
2025-06-23,55814300,24864000,154308900,190716800,5597000000
2025-06-24,54064000,22305600,187566100,114736200,5443690000
2025-06-25,39525700,17495100,269146500,119845100,5171110000
2025-06-26,50799100,21578900,198145700,80440900,5308140000
2025-06-27,73188600,34539200,263234500,89067000,7889350000
2025-06-30,91912800,28369000,194580300,76695100,5782900000
2025-07-01,78788900,19945400,213143600,145085700,6275310000
2025-07-02,67941800,16319600,171224100,119483700,5645710000
2025-07-03,34955800,13984800,143716100,58042300,3378110000
2025-07-07,50229000,13981600,140139000,131177900,5236740000
2025-07-08,42848900,11846600,138133000,103246700,5739030000
2025-07-09,48749400,18659500,183656400,75586800,4813340000
2025-07-10,44443600,16492100,167704100,104365300,5367350000
2025-07-11,39765800,16459500,193633300,79236400,4656210000
2025-07-14,38840100,12058800,136975800,78043400,4722250000
2025-07-15,42296300,14927200,230627400,77556300,5133670000
2025-07-16,47490500,15154400,158831500,97284800,5177460000
2025-07-17,48068100,17503100,160841100,73922900,5512290000
2025-07-18,48974600,21209700,146456400,94255000,5184700000
2025-07-21,51377400,14066800,123126100,75768800,5010840000
2025-07-22,46404100,13868600,193114300,77370400,5662040000
2025-07-23,46989300,16396600,154082200,92553800,5642510000
2025-07-24,46022600,16107000,128984600,156966000,5282720000
2025-07-25,40268800,19125700,122316800,148227000,4470720000
2025-07-28,37858000,14308000,140023500,112673800,4565620000
2025-07-29,51411700,16469200,154077500,87358900,5076120000
2025-07-30,45512500,26380400,174312200,83931900,5375070000
2025-07-31,80698400,51617300,221685400,85270900,6077080000
2025-08-01,104434500,28977600,204529000,89121400,5827150000
2025-08-04,75109300,25349000,148174600,78683900,4842580000
2025-08-05,44155100,19171600,156407600,57961300,5517410000
2025-08-06,108483100,21355700,137192300,78523600,5408560000
2025-08-07,90224800,16079100,151878400,66658700,5306090000
2025-08-08,113854000,15531000,123396700,91200300,4769910000
2025-08-11,61806100,20194400,138323200,105320200,4652400000
2025-08-12,55626200,18667000,145485700,80522100,5135300000
2025-08-13,69878500,19619200,179871700,67838900,5195950000
2025-08-14,51916300,20269100,129554000,75000700,4462050000
2025-08-15,56038700,25213300,156602200,74319800,4575060000
2025-08-18,37476200,23760600,132008000,56956600,4162290000
2025-08-19,39402600,21481000,185229200,75956000,4377440000
2025-08-20,42263900,27723000,215142700,77481800,4470390000
2025-08-21,30621200,18443300,140040900,55744400,4013560000
2025-08-22,42477800,24324200,172789400,94016300,5046860000
2025-08-25,30983100,21638600,163012800,86670000,4059070000
2025-08-26,54575100,30835700,168688200,76651600,4867680000
2025-08-27,31259500,17277900,235518900,65519000,4143680000
2025-08-28,38074700,18015600,281787800,67903200,4283760000
2025-08-29,39418400,20961600,243257900,81145700,4234840000
2025-09-02,44075600,18128000,231164900,58392000,4784000000
2025-09-03,66427800,16345100,164424900,88733300,4465360000
2025-09-04,47549400,15509500,141670100,60711000,4670770000
2025-09-05,54870400,31994800,224441400,108989800,5066120000
2025-09-08,48999500,16771000,163769100,75208300,5211500000
2025-09-09,66313900,14410500,157548400,53816000,4798350000
2025-09-10,83440800,21611800,226852000,72121700,5253010000
2025-09-11,50208600,18881600,151159300,103756000,5426460000
2025-09-12,55824200,23624900,124911000,168156400,4641640000
2025-09-15,42699500,17143800,147061600,163823700,5045020000
2025-09-16,63421100,19711900,140737800,104285700,5359510000
2025-09-17,46508000,15816600,211843800,106133500,5805340000
2025-09-18,44249600,18913700,191763300,90454500,5292400000
2025-09-19,163741300,52474100,237182100,93131000,9125960000
2025-09-22,105517400,20009300,269637000,97108800,5642620000
2025-09-23,60275200,19799600,192559600,83422700,5633620000
2025-09-24,42303700,13533700,143564100,93133600,5459180000
2025-09-25,55202100,15786500,191586700,96746400,5874670000
2025-09-26,46076300,16213100,148573700,101628200,5103110000
2025-09-29,40127700,17617800,193063500,79491500,5358760000
2025-09-30,37704300,19728200,236981000,74358000,6057210000
2025-10-01,48713900,22632300,173844900,98122300,6037950000
2025-10-02,42630200,21222900,136805800,137009000,5416130000
2025-10-03,49155600,15112300,137596900,133188200,5713110000
2025-10-06,44664100,21388600,157678100,85324900,5604460000
2025-10-07,31955800,14615200,140088000,102296100,5546150000
2025-10-08,36496900,13363400,130168900,71192100,5383130000
2025-10-09,38322000,18343600,182997200,69339900,5385020000
2025-10-10,61999100,24133800,268774400,112107900,6596610000
2025-10-13,38142900,14284200,153482800,79552800,5303960000
2025-10-14,35478000,14684300,205641400,72669400,5666920000
2025-10-15,33893600,14694700,214450500,71558200,5633060000
2025-10-16,39777000,15559600,179723300,77189900,6048180000
2025-10-17,49147000,19867800,173135200,89331600,5358120000
2025-10-20,90483000,14665600,128544700,63719000,4672170000
2025-10-21,46695900,15586200,124240200,54412200,5245020000
2025-10-22,45015300,18962700,162249600,84023500,5710010000
2025-10-23,32754900,14023500,111363700,126709800,5565750000
2025-10-24,38253700,15532400,131296700,94727800,5058220000
2025-10-27,44888200,18734700,153452700,105867500,5290650000
2025-10-28,41534800,29986700,297986200,80185700,5695930000
2025-10-29,51086700,36023000,308829600,67983500,6280130000
2025-10-30,69886500,41023100,178864400,72447900,6052700000
2025-10-31,86167100,34006400,179802200,83135800,6398280000
2025-11-03,50194600,22374700,180267300,84595200,6065720000
2025-11-04,49274800,20958700,188919300,87756600,5739510000
2025-11-05,43683100,23024300,171350300,85573000,5939600000
2025-11-06,51204000,27406500,223029800,109622900,6051900000
2025-11-07,48227400,24019800,264942300,103471500,5926070000
2025-11-10,41312400,26101500,198897100,76515900,5366050000
2025-11-11,46208300,17980000,176483300,60533200,4983490000
2025-11-12,48398000,26574900,154935300,58513500,5293610000
2025-11-13,49602800,25273100,207423100,118948000,5473720000
2025-11-14,47431300,28505700,186591900,105506700,5042660000
2025-11-17,45018300,19092800,173628900,102214300,5204220000
2025-11-18,45677300,33815100,213598900,80688600,5159390000
2025-11-19,40424500,23245300,247246400,72047700,5021610000
2025-11-20,45823600,26802500,343504800,113548800,5596080000
2025-11-21,59030800,31769200,346926200,100460600,5929930000
2025-11-24,65585800,34421000,256618300,96806400,6039740000
2025-11-25,46914200,28019800,320600300,71915600,5003330000
2025-11-26,33431400,25709100,183852000,63463000,4485000000
2025-11-28,20135600,14386700,121332800,36252900,2558540000
2025-12-01,46587700,23964000,188131000,57463600,4549370000
2025-12-02,53669500,19562700,182632200,69336600,4582290000
2025-12-03,43538700,34615100,165138000,87483000,4736780000
2025-12-04,43989100,22318200,167364900,71906500,4872440000
2025-12-05,47265800,22608700,143971100,56427500,4944560000
2025-12-08,38211800,21965900,204378100,69165800,4757130000
2025-12-09,32193300,14696100,144719700,62367400,4508050000
2025-12-10,33038300,35756200,162785400,63257500,5526570000
2025-12-11,33248000,24669200,182136600,55979500,5021060000
2025-12-12,39532900,21248100,204274900,95656700,4910160000
2025-12-15,50409100,23727700,164775600,114542200,4975600000
2025-12-16,37648600,20705600,148588100,107608100,4983180000
2025-12-17,50138700,24527200,222775500,106490400,5122120000
2025-12-18,51630700,28573500,176096000,95168400,5101190000
2025-12-19,144632000,70836100,324925900,103305400,8554470000
2025-12-22,36571800,16963000,129064400,86916100,4465030000
2025-12-23,29642000,14683600,174873600,58223600,3820560000
2025-12-24,17910600,5855900,65528500,41285400,1798270000
2025-12-26,21521800,8842200,139740300,58780700,2586550000
2025-12-29,23715200,10893400,120006100,66263000,3541750000
2025-12-30,22139600,13944500,97687300,59238500,3309930000
2025-12-31,27293600,15601600,120100500,49078000,3261830000
2026-01-02,37838100,25571600,148240500,85535400,4184120000
2026-01-05,45647200,25250300,183529700,67940800,5771930000
2026-01-06,52352100,23037700,176862600,89093800,5509680000
2026-01-07,48309800,25564200,153543200,59828800,5214480000
2026-01-08,50419300,18162600,172457000,57041100,5333200000
2026-01-09,39997000,18491000,131327500,67331500,5163900000
2026-01-12,45263800,23519900,137968500,61649600,5019040000
2026-01-13,45730800,28545800,160128900,53719200,5091730000
2026-01-14,40019400,28184300,159586100,57259500,5530830000
2026-01-15,39388600,23225800,206188600,49465800,5114050000
2026-01-16,72142800,34246700,187967200,60220600,5356550000
2026-01-20,80267500,26130000,223345300,63187300,5769500000
2026-01-21,54641700,37980500,200381000,68124000,5835520000
2026-01-22,39708300,25349400,139636600,71546700,5307580000
2026-01-23,41689000,38000200,142748100,56771400,4871930000
2026-01-26,55969200,29291200,124799600,49397400,4968050000
2026-01-27,49648300,29213900,143711600,37733100,5331720000
2026-01-28,41288000,36875400,148552700,54857400,5507670000
2026-01-29,67253000,128855300,171764400,81686100,6877780000
2026-01-30,92443400,58566800,179489500,82626100,6697340000
2026-02-02,73913400,42219900,165794100,58739500,5772050000
2026-02-03,64394700,61424100,204019600,56886500,7017660000
2026-02-04,90545700,45012400,207014100,74606900,7475750000
2026-02-05,52977400,66289200,206312900,72819800,6989120000
2026-02-06,50453400,53515300,231346200,62677100,6283680000
2026-02-09,44623400,45480500,196387400,54484300,5650260000
2026-02-10,34376900,44857900,136764800,64450200,5595950000
2026-02-11,51931300,42491000,144192700,57362000,6175510000
2026-02-12,81077200,40802400,189932500,61933400,7118700000
2026-02-13,56290700,34091600,161888000,51434100,5718360000
2026-02-17,58469100,32078800,162276900,59678800,5418480000
2026-02-18,34203300,23223400,164749100,45921400,5098160000
2026-02-19,30845300,28234000,126554500,51019600,5151690000
2026-02-20,42070500,34015200,178422300,57912200,5432480000
2026-02-23,37308200,43238300,171584800,69680000,5638350000
2026-02-24,47014600,33884700,175123600,58579500,5266090000
2026-02-25,33714300,43625500,250637100,54809700,5328060000
2026-02-26,32345100,34405900,360807900,53602500,5889550000
2026-02-27,72366500,51367200,311636500,56890100,6665660000
2026-03-02,41827900,35474900,209095300,55088300,6079080000
2026-03-03,38568900,38199200,178099400,62617300,6442080000
2026-03-04,39803100,35808000,177731200,68305500,5252170000
2026-03-05,49658600,39001300,198779700,51925900,5989300000
2026-03-06,41120000,31123900,189021900,64054600,5793120000
2026-03-09,38218500,30131900,177213600,67018900,6709410000
2026-03-10,30590800,31706400,179118500,59258700,5944950000
2026-03-11,26218900,25512100,145280400,62559900,5511090000
2026-03-12,40794000,27263900,155762700,60973800,6292170000
2026-03-13,36930000,26848000,160988400,58504100,5337120000
2026-03-16,32074200,27733700,217307400,58068300,5176290000
2026-03-17,32361600,26228300,182497800,46890500,5063390000
2026-03-18,35757900,25908500,156683100,50853100,5275480000
2026-03-19,34864100,25138800,170968500,67078300,5973390000
2026-03-20,88331100,50853200,241323500,78628600,10025820000
2026-03-23,40546100,29680100,182836300,74606000,6020650000
2026-03-24,45152300,42733600,147667800,60004900,5278580000
2026-03-25,28476700,31181200,162602100,55157300,4936720000
2026-03-26,41796700,36836600,186152200,55522900,4845560000
2026-03-27,47900000,37883400,196212700,62065700,5303490000
2026-03-30,39446200,44797000,185627000,67954400,5458640000
2026-03-31,49598100,45244400,226181300,75534900,6396100000
2026-04-01,40059400,29417200,168132000,58683800,5637260000
2026-04-02,31289400,24099100,143143200,83031200,4740740000
2026-04-06,29329900,16146600,107564300,77697600,3906440000
2026-04-07,62148000,21443300,132534900,74515400,4555680000
2026-04-08,41032800,33064800,147732700,78838600,5904880000
2026-04-09,28121600,30435300,116428500,62164000,4912410000
2026-04-10,31291500,28111100,160459500,51336000,4393220000
2026-04-13,36234700,35745800,133648200,53617500,4785840000
2026-04-14,48370700,37504500,161307000,59979600,5032380000
2026-04-15,49913500,45063400,185338400,113810400,5278610000
2026-04-16,43323100,41642400,134012900,63515100,5173650000
2026-04-17,61314800,47812100,159843200,90388400,6145300000
